number,color,color_num,author,author_hiragana,kimariji_kami,kimariji_kami_yomi,kimariji_shimo,kimariji_shimo_no_tenten,verse_1,verse_2,verse_3,verse_4,verse_5,verse_1_hiragana,verse_2_hiragana,verse_3_hiragana,verse_4_hiragana,verse_5_hiragana,verse_1_hiragana_yomi,verse_2_hiragana_yomi,verse_3_hiragana_yomi,verse_4_hiragana_yomi,verse_5_hiragana_yomi,kyougi_yomi_kami,kyougi_yomi_shimo,kyougi_yomi_kami_hiragana,kyougi_yomi_shimo_hiragana,torifuda_1,torifuda_2,torifuda_3
43,橙,4,権中納言敦忠,ごんちゅうなごんあつただ,あひ,あい,むか,むか,逢ひ見ての,後の心に,くらぶれば,昔は物を,思はざりけり,あひみての,のちのこころに,くらぶれば,むかしはものを,おもはざりけり,あいみての,のちのこころに,くらぶれば,むかしわものを,おもわざりけり,あひみてのー後の心にｰくらぶれーばー,昔はｰ物をー思はざりーけり,あいみてのーのちのこころにｰくらぶれーばー,むかしわｰものをーおもわざりーけり,むかしはも,のをおもは,さりけり
79,黄,14,左京大夫顕輔,さきょうのだいぶあきすけ,あきか,あきか,もれ,もれ,秋風に,たなびく雲の,絶え間より,もれ出づる月の,影のさやけさ,あきかぜに,たなびくくもの,たえまより,もれいづるつきの,かげのさやけさ,あきかぜに,たなびくくもの,たえまより,もれいずるつきの,かげのさやけさ,秋風にーたなびく雲のｰたえ間ーよりー,もれ出づるｰ月のー影のさやーけさ,あきかぜにーたなびくくものｰたえまーよりー,もれいずるｰつきのーかげのさやーけさ,もれいつる,つきのかけ,のさやけさ
1,桃,16,天智天皇,てんじてんのう,あきの,あきの,わがころもでは,わかころもては,秋の田の,かりほの庵の,苫をあらみ,わが衣手は,露にぬれつつ,あきのたの,かりほのいほの,とまをあらみ,わがころもでは,つゆにぬれつつ,あきのたの,かりおのいおの,とまをあらみ,わがころもでわ,つゆにぬれつつ,秋の田のーかりほの庵のｰ苫をあらーみー,わがｰ衣手はー露にぬれーつつ,あきのたのーかりおのいおのｰとまをあらーみー,わがｰころもでわーつゆにぬれーつつ,わかころも,てはつゆに,ぬれつつ
52,橙,1,藤原道信朝臣,ふじわらのみちのぶあそん,あけ,あけ,なほう,なほう,明けぬれば,暮るるものとは,知りながら,なほ恨めしき,朝ぼらけかな,あけぬれば,くるるものとは,しりながら,なほうらめしき,あさぼらけかな,あけぬれば,くるるものとわ,しりながら,なおうらめしき,あさぼらけかな,明けぬればー暮るるものとはｰ知りながーらー,なほｰ恨めしきー朝ぼらけーかな,あけぬればーくるるものとわｰしりながーらー,なおｰうらめしきーあさぼらけーかな,なほうらめ,しきあさほ,らけかな
39,黄,8,参議等,さんぎひとし,あさぢ,あさじ,あまり,あまり,浅茅生の,小野の篠原,しのぶれど,あまりてなどか,人の恋しき,あさぢふの,をののしのはら,しのぶれど,あまりてなどか,ひとのこひしき,あさじうの,おののしのはら,しのぶれど,あまりてなどか,ひとのこいしき,浅茅生のー小野の篠原ｰしのぶれーどー,あまりてｰなどかー人の恋ーしき,あさじうのーおののしのはらｰしのぶれーどー,あまりてｰなどかーひとのこいーしき,あまりてな,とかひとの,こひしき
31,青,5,坂上是則,さかのうえのこれのり,あさぼらけあ,あさぼらけあ,よし,よし,朝ぼらけ,有明の月と,見るまでに,吉野の里に,降れる白雪,あさぼらけ,ありあけのつきと,みるまでに,よしののさとに,ふれるしらゆき,あさぼらけ,ありあけのつきと,みるまでに,よしののさとに,ふれるしらゆき,朝ぼらけ有明の月とー見るまでーにー,吉野のｰ里にー降れる白ー雪,あさぼらけありあけのつきとーみるまでーにー,よしののｰさとにーふれるしらーゆき,よしののさ,とにふれる,しらゆき
64,橙,2,権中納言定頼,ごんちゅうなごんさだより,あさぼらけう,あさぼらけう,あら,あら,朝ぼらけ,宇治の川ぎり,絶え絶えに,あらはれ渡る,瀬々の網代木,あさぼらけ,うぢのかわぎり,たえだえに,あらはれわたる,せぜのあじろぎ,あさぼらけ,うじのかわぎり,たえだえに,あらわれわたる,せぜのあじろぎ,朝ぼらけ宇治の川霧ー絶え絶えーにー,あらはれｰわたるー瀬々のあじーろ木,あさぼらけうじのかわぎりーたえだえーにー,あらわれｰわたるーせぜのあじーろぎ,あらはれわ,たるせせの,あしろき
3,青,1,柿本人麻呂,かきのもとのひとまろ,あし,あし,ながな,なかな,足曳の,山鳥の尾の,しだり尾の,長々し夜を,独りかも寝む,あしびきの,やまどりのをの,しだりをの,ながながしよを,ひとりかもねむ,あしびきの,やまどりのおの,しだりおの,ながながしよを,ひとりかもねん,あしびきのー山鳥の尾のｰしだり尾ーのー,ながながしｰ夜をーひとりかもー寝む,あしびきのーやまどりのおのｰしだりおーのー,ながながしｰよをーひとりかもーねん,なかなかし,よをひとり,かもねむ
12,青,10,僧正遍昭,そうじょうへんじょう,あまつ,あまつ,を,を,天つ風,雲の通ひ路,吹きとぢよ,乙女の姿,しばしとどめむ,あまつかぜ,くものかよひぢ,ふきとぢよ,をとめのすがた,しばしとどめむ,あまつかぜ,くものかよいじ,ふきとじよ,おとめのすがた,しばしとどめん,天つ風ー雲のかよひ路ｰ吹きとぢーよー,をとめのｰ姿ーしばしとどーめむ,あまつかぜーくものかよいじｰふきとじーよー,おとめのｰすがたーしばしとどーめん,をとめのす,かたしはし,ととめむ
7,黄,2,安倍仲麿,あべのなかまろ,あまの,あまの,みか,みか,天の原,振りさけ見れば,春日なる,三笠の山に,出でし月かも,あまのはら,ふりさけみれば,かすがなる,みかさのやまに,いでしつきかも,あまのはら,ふりさけみれば,かすがなる,みかさのやまに,いでしつきかも,天の原ーふりさけ見ればｰ春日ーなるー,三笠のｰ山にー出でし月ーかも,あまのはらーふりさけみればｰかすがーなるー,みかさのｰやまにーいでしつきーかも,みかさのや,まにいてし,つきかも
56,橙,6,和泉式部,いずみしきぶ,あらざ,あらざ,いまひとたびのあ,いまひとたひのあ,あらざらむ,この世の外の,思ひ出に,今一度の,逢ふ事もがな,あらざらむ,このよのほかの,おもひでに,いまひとたびの,あふこともがな,あらざらん,このよのほかの,おもいでに,いまひとたびの,おうこともがな,あらざらむーこの世のほかのｰ思ひ出ーにー,今ｰひとたびのーあふことーもがな,あらざらんーこのよのほかのｰおもいでーにー,いまｰひとたびのーおうことーもがな,いまひとた,ひのあふこ,ともかな
69,青,3,能因法師,のういんほうし,あらし,あらし,たつ,たつ,嵐吹く,三室の山の,紅葉は,龍田の川の,錦なりけり,あらしふく,みむろのやまの,もみぢばは,たつたのかはの,にしきなりけり,あらしふく,みむろのやまの,もみじばわ,たつたのかわの,にしきなりけり,あらし吹くー三室の山のｰもみぢ葉ーはー,竜田のｰ川のー錦なりーけり,あらしふくーみむろのやまのｰもみじばーわー,たつたのｰかわのーにしきなりーけり,たつたのか,はのにしき,なりけり
30,青,2,壬生忠岑,みぶのただみね,ありあ,ありあ,あか,あか,有明の,つれなく見えし,別れより,暁ばかり,憂きものはなし,ありあけの,つれなくみえし,わかれより,あかつきばかり,うきものはなし,ありあけの,つれなくみえし,わかれより,あかつきばかり,うきものわなし,有明のーつれなく見えしｰ別れーよりー,あかつきｰばかりー憂きものはーなし,ありあけのーつれなくみえしｰわかれーよりー,あかつきｰばかりーうきものわーなし,あかつきは,かりうきも,のはなし
58,桃,8,大弐三位,だいにのさんみ,ありま,ありま,いで,いて,有馬山,猪名の笹原,風吹けば,いでそよ人を,忘れやはする,ありまやま,ゐなのささはら,かぜふけば,いでそよひとを,わすれやはする,ありまやま,いなのささはら,かぜふけば,いでそよひとを,わすれやわする,ありま山ーゐなの笹原ｰ風吹けーばー,いでそよｰ人をー忘れやはーする,ありまやまーいなのささはらｰかぜふけーばー,いでそよｰひとをーわすれやわーする,いてそよひ,とをわすれ,やはする
78,黄,13,源兼昌,みなもとのかねまさ,あはぢ,あわじ,いく,いく,淡路島,通ふ千鳥の,鳴く声に,いく夜寝ざめぬ,須磨の関守,あはぢしま,かよふちどりの,なくこゑに,いくよねざめぬ,すまのせきもり,あわじしま,かようちどりの,なくこえに,いくよねざめぬ,すまのせきもり,淡路島ーかよふ千鳥のｰ鳴く声ーにー,幾夜ｰねざめぬー須磨の関ー守,あわじしまーかようちどりのｰなくこえーにー,いくよｰねざめぬーすまのせきーもり,いくよねさ,めぬすまの,せきもり
45,橙,3,謙徳公,けんとくこう,あはれ,あわれ,みの,みの,哀れとも,いふべき人は,思ほえで,身のいたづらに,なりぬべきかな,あはれとも,いふべきひとは,おもほえで,みのいたづらに,なりぬべきかな,あわれとも,ゆうべきひとわ,おもおえで,みのいたずらに,なりぬべきかな,あはれともーいふべき人はｰ思ほえーでー,身のｰいたづらにーなりぬべきーかな,あわれともーゆうべきひとわｰおもおえーでー,みのｰいたずらにーなりぬべきーかな,みのいたつ,らになりぬ,へきかな
61,青,14,伊勢大輔,いせのたいふ,いに,いに,けふこ,けふこ,いにしへの,奈良の都の,八重桜,けふ九重に,匂ひぬるかな,いにしへの,ならのみやこの,やへざくら,けふここのへに,にほひぬるかな,いにしえの,ならのみやこの,やえざくら,きょうここのえに,においぬるかな,いにしへのー奈良の都のｰ八重ざくーらー,けふｰ九重にーにほひぬるーかな,いにしえのーならのみやこのｰやえざくーらー,きょうｰここのえにーにおいぬるーかな,けふここの,へににほひ,ぬるかな
21,橙,7,素性法師,そせいほうし,いまこ,いまこ,あり,あり,今来むと,いひしばかりに,長月の,有明の月を,待ち出でつるかな,いまこむと,いひしばかりに,ながつきの,ありあけのつきを,まちいでつるかな,いまこんと,いいしばかりに,ながつきの,ありあけのつきを,まちいでつるかな,いま来むとーいひしばかりにｰ長月ーのー,ありあけのｰ月をー待ち出でつるーかな,いまこんとーいいしばかりにｰながつきーのー,ありあけのｰつきをーまちいでつるーかな,ありあけの,つきをまち,いてつるかな
63,橙,8,左京大夫道雅,さきょうのだいぶみちまさ,いまは,いまわ,ひとづ,ひとつ,今はただ,思ひ絶えなむ,とばかりを,人づてならで,いふよしもがな,いまはただ,おもひたえなむ,とばかりを,ひとづてならで,いふよしもがな,いまわただ,おもいたえなん,とばかりを,ひとずてならで,ゆうよしもがな,いまはただー思ひ絶えなむとｰばかりーをー,人づてｰならでー言ふよしーもがな,いまわただーおもいたえなんとｰばかりーをー,ひとずてｰならでーゆうよしーもがな,ひとつてな,らていふよ,しもかな
74,青,9,源俊頼朝臣,みなもとのとしよりあそん,うか,うか,はげ,はけ,憂かりける,人を初瀬の,山おろしよ,激しかれとは,祈らぬものを,うかりける,ひとをはつせの,やまおろしよ,はげしかれとは,いのらぬものを,うかりける,ひとをはつせの,やまおろしよ,はげしかれとわ,いのらぬものを,憂かりけるー人を初瀬のｰ山おろーしー,はげしかれｰとはー祈らぬーものを,うかりけるーひとをはつせのｰやまおろーしー,はげしかれｰとわーいのらぬーものを,はけしかれ,とはいのら,ぬものを
65,桃,9,相模,さがみ,うら,うら,こひに,こひに,恨み侘び,干さぬ袖だに,あるものを,恋に朽ちなむ,名こそ惜しけれ,うらみわび,ほさぬそでだに,あるものを,こひにくちなむ,なこそをしけれ,うらみわび,ほさぬそでだに,あるものを,こいにくちなん,なこそおしけれ,恨みわびーほさぬ袖だにｰあるものーをー,恋にｰ朽ちなむー名こそ惜しーけれ,うらみわびーほさぬそでだにｰあるものーをー,こいにｰくちなんーなこそおしーけれ,こひにくち,なむなこそ,をしけれ
60,黄,12,小式部内侍,こしきぶのないし,おほえ,おおえ,まだ,また,大江山,いく野の道の,遠ければ,まだふみも見ず,天の橋立,おほえやま,いくののみちの,とほければ,まだふみもみず,あまのはしだて,おおえやま,いくののみちの,とおければ,まだふみもみず,あまのはしだて,大江山ーいく野の道のｰ遠けれーばー,まだｰふみも見ずー天の橋ー立,おおえやまーいくののみちのｰとおけれーばー,まだｰふみもみずーあまのはしーだて,またふみも,みすあまの,はしたて
95,橙,19,前大僧正慈円,さきのだいそうじょうじえん,おほけ,おおけ,わがた,わかた,おほけなく,浮世の民に,おほふかな,わがたつ杣に,墨染の袖,おほけなく,うきよのたみに,おほふかな,わがたつそまに,すみぞめのそで,おおけなく,うきよのたみに,おおうかな,わがたつそまに,すみぞめのそで,おほけなくーうき世の民にｰおほふーかなー,わがｰ立つ杣にー墨染のー袖,おおけなくーうきよのたみにｰおおうーかなー,わがｰたつそまにーすみぞめのーそで,わかたつそ,まにすみそ,めのそて
44,橙,5,中納言朝忠,ちゅうなごんあさただ,あふこ,おおこ,ひとを,ひとを,逢ふ事の,絶えてしなくば,なかなかに,人をも身をも,恨みざらまし,あふことの,たえてしなくば,なかなかに,ひとをもみをも,うらみざらまし,おうことの,たえてしなくば,なかなかに,ひとをもみをも,うらみざらまし,逢ふことのーたえてしなくばｰなかなかーにー,人をもｰ身をもー恨みざらーまし,おうことのーたえてしなくばｰなかなかーにー,ひとをもｰみをもーうらみざらーまし,ひとをもみ,をもうらみ,さらまし
5,青,4,猿丸大夫,さるまるだゆう,おく,おく,こゑ,こゑ,奥山に,紅葉踏み分け,鳴く鹿の,声聞く時ぞ,秋は悲しき,おくやまに,もみぢふみわけ,なくしかの,こゑきくときぞ,あきはかなしき,おくやまに,もみじふみわけ,なくしかの,こえきくときぞ,あきわかなしき,奥山にーもみぢふみわけｰ鳴く鹿ーのー,声ｰ聞くときぞー秋は悲ーしき,おくやまにーもみじふみわけｰなくしかーのー,こえｰきくときぞーあきわかなーしき,こゑきくと,きそあきは,かなしき
26,緑,8,貞信公,ていしんこう,をぐ,おぐ,いまひとたびのみ,いまひとたひのみ,小倉山,峰のもみぢ葉,心あらば,今一度の,みゆき待たなむ,をぐらやま,みねのもみぢば,こころあらば,いまひとたびの,みゆきまたなむ,おぐらやま,みねのもみじば,こころあらば,いまひとたびの,みゆきまたなん,小倉山ー峰のもみぢ葉ｰ心あらーばー,いまｰひとたびのーみゆき待たーなむ,おぐらやまーみねのもみじばｰこころあらーばー,いまｰひとたびのーみゆきまたーなん,いまひとた,ひのみゆき,またなむ
72,桃,4,祐子内親王家紀伊,ゆうしないしんのうけのきい,おと,おと,かけ,かけ,音に聞く,高師の浜の,あだ波は,かけじや袖の,ぬれもこそすれ,おとにきく,たかしのはまの,あだなみは,かけじやそでの,ぬれもこそすれ,おとにきく,たかしのはまの,あだなみわ,かけじやそでの,ぬれもこそすれ,音にきくーたかしの浜のｰあだ波ーはー,かけじやｰ袖のーぬれもこそーすれ,おとにきくーたかしのはまのｰあだなみーわー,かけじやｰそでのーぬれもこそーすれ,かけしやそ,てのぬれも,こそすれ
82,青,20,道因法師,どういんほうし,おも,おも,うき,うき,思ひ侘び,さても命は,あるものを,憂きに堪へぬは,涙なりけり,おもひわび,さてもいのちは,あるものを,うきにたへぬは,なみだなりけり,おもいわび,さてもいのちわ,あるものを,うきにたえぬわ,なみだなりけり,思ひわびーさても命はｰあるものーをー,憂きにｰたへぬはー涙なりーけり,おもいわびーさてもいのちわｰあるものーをー,うきにｰたえぬわーなみだなりーけり,うきにたへ,ぬはなみた,なりけり
51,桃,7,藤原実方朝臣,ふじわらのさねかたあそん,かく,かく,さ,さ,かくとだに,えやは伊吹の,さしも草,さしも知らじな,燃ゆる思ひを,かくとだに,えやはいぶきの,さしもぐさ,さしもしらじな,もゆるおもひを,かくとだに,えやわいぶきの,さしもぐさ,さしもしらじな,もゆるおもいを,かくとだにーえやはいぶきのｰさしもー草ー,さしもｰしらじなーもゆる思ーひを,かくとだにーえやわいぶきのｰさしもーぐさー,さしもｰしらじなーもゆるおもーいを,さしもしら,しなもゆる,おもひを
6,青,7,中納言家持,ちゅうなごんやかもち,かさ,かさ,しろ,しろ,鵲の,渡せる橋に,置く霜の,白きを見れば,夜ぞ更けにける,かささぎの,わたせるはしに,おくしもの,しろきをみれば,よぞふけにける,かささぎの,わたせるはしに,おくしもの,しろきをみれば,よぞふけにける,かささぎのー渡せる橋にｰおく霜ーのー,白きをｰ見ればー夜ぞふけにーける,かささぎのーわたせるはしにｰおくしもーのー,しろきをｰみればーよぞふけにーける,しろきをみ,れはよそふ,けにける
98,橙,20,従二位家隆,じゅにいいえたか,かぜそ,かぜそ,みそ,みそ,風そよぐ,奈良の小川の,夕暮れは,みそぎぞ夏の,しるしなりける,かぜそよぐ,ならのをがはの,ゆふぐれは,みそぎぞなつの,しるしなりける,かぜそよぐ,ならのおがわの,ゆうぐれわ,みそぎぞなつの,しるしなりける,風そよぐーならの小川のｰ夕ぐれーはー,みそぎぞｰ夏のーしるしなりーける,かぜそよぐーならのおがわのｰゆうぐれーわー,みそぎぞｰなつのーしるしなりーける,みそきそな,つのしるし,なりける
48,桃,12,源重之,みなもとのしげゆき,かぜを,かぜを,くだ,くた,風をいたみ,岩打つ波の,おのれのみ,くだけて物を,思ふころかな,かぜをいたみ,いはうつなみの,おのれのみ,くだけてものを,おもふころかな,かぜをいたみ,いわうつなみの,おのれのみ,くだけてものを,おもうころかな,風をいたみー岩うつ波のｰおのれーのみー,くだけてｰ物をー思ふころーかな,かぜをいたみーいわうつなみのｰおのれーのみー,くだけてｰものをーおもうころーかな,くたけても,のをおもふ,ころかな
50,青,8,藤原義孝,ふじわらのよしたか,きみがためを,きみがためお,ながく,なかく,君がため,惜しからざりし,命さへ,長くもがなと,思ひけるかな,きみがため,をしからざりし,いのちさへ,ながくもがなと,おもひけるかな,きみがため,おしからざりし,いのちさえ,ながくもがなと,おもいけるかな,君がため惜しからざりしー命ーさへー,長くｰもがなとー思ひけるーかな,きみがためおしからざりしーいのちーさえー,ながくｰもがなとーおもいけるーかな,なかくもか,なとおもひ,けるかな
15,緑,4,光孝天皇,こうこうてんのう,きみがためは,きみがためは,わがころもでに,わかころもてに,君がため,春の野に出でて,若菜つむ,わが衣手に,雪は降りつつ,きみがため,はるののにいでて,わかなつむ,わがころもでに,ゆきはふりつつ,きみがため,はるののにいでて,わかなつむ,わがころもでに,ゆきわふりつつ,君がため春の野に出でてー若菜ーつむー,わがｰ衣手にー雪は降りーつつ,きみがためはるののにいでてーわかなーつむー,わがｰころもでにーゆきわふりーつつ,わかころも,てにゆきは,ふりつつ
91,青,15,後京極摂政前太政大臣,ごきょうごくせっしょうさきのだいじょうだいじん,きり,きり,ころもか,ころもか,きりぎりす,鳴くや霜夜の,さむしろに,衣かたしき,独りかも寝む,きりぎりす,なくやしもよの,さむしろに,ころもかたしき,ひとりかもねむ,きりぎりす,なくやしもよの,さむしろに,ころもかたしき,ひとりかもねん,きりぎりすー鳴くや霜夜のｰさむしろーにー,衣ｰかたしきーひとりかもー寝む,きりぎりすーなくやしもよのｰさむしろーにー,ころもｰかたしきーひとりかもーねん,ころもかた,しきひとり,かもねむ
41,緑,13,壬生忠見,みぶのただみ,こひ,こい,ひとし,ひとし,恋すてふ,わが名はまだき,立ちにけり,人知れずこそ,思ひそめしか,こひすてふ,わがなはまだき,たちにけり,ひとしれずこそ,おもひそめしか,こいすちょう,わがなわまだき,たちにけり,ひとしれずこそ,おもいそめしか,恋すてふーわが名はまだきｰ立ちにーけりー,人ｰしれずこそー思ひそめーしか,こいすちょうーわがなわまだきｰたちにーけりー,ひとｰしれずこそーおもいそめーしか,ひとしれす,こそおもひ,そめしか
29,緑,9,凡河内躬恒,おおしこうちのみつね,こころあ,こころあ,お,お,心あてに,折らばや折らむ,初霜の,置きまどはせる,白菊の花,こころあてに,おらばやおらむ,はつしもの,おきまどはせる,しらぎくのはな,こころあてに,おらばやおらん,はつしもの,おきまどわせる,しらぎくのはな,心あてにー折らばや折らむｰ初霜ーのー,おきｰまどはせるー白菊のー花,こころあてにーおらばやおらんｰはつしもーのー,おきｰまどわせるーしらぎくのーはな,おきまとは,せるしらき,くのはな
68,緑,17,三条院,さんじょういん,こころに,こころに,こひし,こひし,心にも,あらで憂き世に,長らへば,恋しかるべき,夜半の月かな,こころにも,あらでうきよに,ながらへば,こひしかるべき,よはのつきかな,こころにも,あらでうきよに,ながらえば,こいしかるべき,よわのつきかな,心にもーあらでうき世にｰながらへーばー,恋しかるｰべきー夜半の月ーかな,こころにもーあらでうきよにｰながらえーばー,こいしかるｰべきーよわのつきーかな,こひしかる,へきよはの,つきかな
97,桃,2,権中納言定家,ごんちゅうなごんていか,こぬ,こぬ,やく,やく,来ぬ人を,松帆の浦の,夕なぎに,焼くや藻塩の,身もこがれつつ,こぬひとを,まつほのうらの,ゆふなぎに,やくやもしほの,みもこがれつつ,こぬひとを,まつほのうらの,ゆうなぎに,やくやもしおの,みもこがれつつ,来ぬ人をーまつほの浦のｰ夕なぎーにー,焼くやｰもしほのー身もこがれーつつ,こぬひとをーまつほのうらのｰゆうなぎーにー,やくやｰもしおのーみもこがれーつつ,やくやもし,ほのみもこ,かれつつ
24,青,16,菅家,かんけ,この,この,もみ,もみ,この度は,ぬさも取りあへず,手向け山,紅葉の錦,神のまにまに,このたびは,ぬさもとりあへず,たむけやま,もみぢのにしき,かみのまにまに,このたびわ,ぬさもとりあえず,たむけやま,もみじのにしき,かみのまにまに,このたびはーぬさもとりあへずｰ手向ー山ー,もみぢのｰにしきー神のまにーまに,このたびわーぬさもとりあえずｰたむけーやまー,もみじのｰにしきーかみのまにーまに,もみちのに,しきかみの,まにまに
10,黄,3,蝉丸,せみまる,これ,これ,しる,しる,これやこの,行くも帰るも,別れては,知るも知らぬも,逢坂の関,これやこの,ゆくもかえるも,わかれては,しるもしらぬも,あふさかのせき,これやこの,ゆくもかえるも,わかれてわ,しるもしらぬも,おうさかのせき,これやこのー行くも帰るもｰ別れてーはー,知るもｰ知らぬもー逢坂のー関,これやこのーゆくもかえるもｰわかれてーわー,しるもｰしらぬもーおうさかのーせき,しるもしら,ぬもあふさ,かのせき
70,青,6,良暹法師,りょうぜんほうし,さ,さ,いづこ,いつこ,寂しさに,宿を立ち出でて,眺むれば,いづこも同じ,秋の夕暮,さびしさに,やどをたちいでて,ながむれば,いづこもおなじ,あきのゆふぐれ,さびしさに,やどをたちいでて,ながむれば,いずこもおなじ,あきのゆうぐれ,さびしさにー宿をたち出でてｰながむれーばー,いづこもｰおなじー秋の夕ーぐれ,さびしさにーやどをたちいでてｰながむれーばー,いずこもｰおなじーあきのゆうーぐれ,いつこもお,なしあきの,ゆふくれ
40,桃,11,平兼盛,たいらのかねもり,しの,しの,もの,もの,忍ぶれど,色に出でにけり,わが恋は,物や思ふと,人の問ふまで,しのぶれど,いろにいでにけり,わがこひは,ものやおもふと,ひとのとふまで,しのぶれど,いろにいでにけり,わがこいわ,ものやおもうと,ひとのとうまで,しのぶれどー色に出でにけりｰわが恋ーはー,物やｰ思ふとー人のとふーまで,しのぶれどーいろにいでにけりｰわがこいーわー,ものやｰおもうとーひとのとうーまで,ものやおも,ふとひとの,とふまて
37,黄,7,文屋朝康,ふんやのあさやす,しら,しら,つ,つ,白露に,風の吹きしく,秋の野は,つらぬきとめぬ,玉ぞ散りける,しらつゆに,かぜのふきしく,あきののは,つらぬきとめぬ,たまぞちりける,しらつゆに,かぜのふきしく,あきののわ,つらぬきとめぬ,たまぞちりける,白露にー風の吹きしくｰ秋の野ーはー,つらぬきｰとめぬー玉ぞ散りーける,しらつゆにーかぜのふきしくｰあきののーわー,つらぬきｰとめぬーたまぞちりーける,つらぬきと,めぬたまそ,ちりける
18,黄,4,藤原敏行朝臣,ふじわらのとしゆきあそん,す,す,ゆめ,ゆめ,住の江の,岸に寄る波,寄るさへや,夢の通ひ路,人目よくらむ,すみのえの,きしによるなみ,よるさへや,ゆめのかよひぢ,ひとめよくらむ,すみのえの,きしによるなみ,よるさえや,ゆめのかよいじ,ひとめよくらん,すみの江のー岸に寄る波ｰよるさへーやー,夢のｰかよひ路ー人目避くーらむ,すみのえのーきしによるなみｰよるさえーやー,ゆめのｰかよいじーひとめよくーらん,ゆめのかよ,ひちひとめ,よくらむ
77,橙,9,崇徳院,すとくいん,せ,せ,われ,われ,瀬を早み,岩にせかるる,滝がはの,われても末に,逢はむとぞ思ふ,せをはやみ,いはにせかるる,たきがはの,われてもすゑに,あはむとぞおもふ,せをはやみ,いわにせかるる,たきがわの,われてもすえに,あわんとぞおもう,瀬をはやみー岩にせかるるｰ滝川ーのー,われてもｰ末にーあはむとぞー思ふ,せをはやみーいわにせかるるｰたきがわーのー,われてもｰすえにーあわんとぞーおもう,われてもす,ゑにあはむ,とそおもふ
73,桃,5,権中納言匡房,ごんちゅうなごんまさふさ,たか,たか,と,と,高砂の,尾の上の桜,咲きにけり,外山の霞,立たずもあらなむ,たかさごの,をのへのさくら,さきにけり,とやまのかすみ,たたずもあらなむ,たかさごの,おのえのさくら,さきにけり,とやまのかすみ,たたずもあらなん,高砂のー尾上の桜ｰ咲きにーけりー,外山のｰ霞ーたたずもあらーなむ,たかさごのーおのえのさくらｰさきにーけりー,とやまのｰかすみーたたずもあらーなん,とやまのか,すみたたす,もあらなむ
55,黄,11,大納言公任,だいなごんきんとう,たき,たき,なこ,なこ,滝の音は,絶えて久しく,なりぬれど,名こそ流れて,なほ聞こえけれ,たきのおとは,たえてひさしく,なりぬれど,なこそながれて,なほきこえけれ,たきのおとわ,たえてひさしく,なりぬれど,なこそながれて,なおきこえけれ,滝の音はーたえて久しくｰなりぬれーどー,名こそｰ流れてーなほ聞こえーけれ,たきのおとわーたえてひさしくｰなりぬれーどー,なこそｰながれてーなおきこえーけれ,なこそなか,れてなほき,こえけれ
4,桃,17,山部赤人,やまべのあかひと,たご,たご,ふじ,ふし,田子の浦に,うち出でて見れば,白妙の,富士の高嶺に,雪は降りつつ,たごのうらに,うちいでてみれば,しろたへの,ふじのたかねに,ゆきはふりつつ,たごのうらに,うちいでてみれば,しろたえの,ふじのたかねに,ゆきわふりつつ,田子の浦にーうち出でて見ればｰ白妙ーのー,富士のｰ高嶺にー雪はふりーつつ,たごのうらにーうちいでてみればｰしろたえーのー,ふじのｰたかねにーゆきわふりーつつ,ふしのたか,ねにゆきは,ふりつつ
16,桃,13,中納言行平,ちゅうなごんゆきひら,たち,たち,まつと,まつと,立ち別れ,いなばの山の,峰に生ふる,まつとし聞かば,今帰り来む,たちわかれ,いなばのやまの,みねにおふる,まつとしきかば,いまかへりこむ,たちわかれ,いなばのやまの,みねにおうる,まつとしきかば,いまかえりこん,たち別れーいなばの山のｰ峰に生ふーるー,まつとしｰ聞かばーいま帰りーこむ,たちわかれーいなばのやまのｰみねにおうーるー,まつとしｰきかばーいまかえりーこん,まつとしき,かはいまか,へりこむ
89,黄,20,式子内親王,しきしないしんのう,たま,たま,しの,しの,玉の緒よ,絶えなば絶えね,長らへば,忍ぶることの,弱りもぞする,たまのをよ,たえなばたえね,ながらへば,しのぶることの,よわりもぞする,たまのおよ,たえなばたえね,ながらえば,しのぶることの,よわりもぞする,玉のをよーたえなばたえねｰながらへーばー,忍ぶるｰことのー弱りもぞーする,たまのおよーたえなばたえねｰながらえーばー,しのぶるｰことのーよわりもぞーする,しのふるこ,とのよわり,もそする
34,桃,10,藤原興風,ふじわらのおきかぜ,たれ,たれ,まつも,まつも,誰をかも,知る人にせむ,高砂の,松も昔の,友ならなくに,たれをかも,しるひとにせむ,たかさごの,まつもむかしの,ともならなくに,たれをかも,しるひとにせん,たかさごの,まつもむかしの,ともならなくに,誰をかもー知る人にせむｰ高砂ーのー,松もｰ昔のー友ならーなくに,たれをかもーしるひとにせんｰたかさごーのー,まつもｰむかしのーともならーなくに,まつもむか,しのともな,らなくに
75,青,19,藤原基俊,ふじわらのもととし,ちぎりお,ちぎりお,あはれ,あはれ,契りおきし,させもが露を,命にて,あはれ今年の,秋もいぬめり,ちぎりおきし,させもがつゆを,いのちにて,あはれことしの,あきもいぬめり,ちぎりおきし,させもがつゆを,いのちにて,あわれことしの,あきもいぬめり,契りおきしーさせもが露をｰいのちにーてー,あはれｰ今年のー秋もいぬーめり,ちぎりおきしーさせもがつゆをｰいのちにーてー,あわれｰことしのーあきもいぬーめり,あはれこと,しのあきも,いぬめり
42,緑,14,清原元輔,きよはらのもとすけ,ちぎりき,ちぎりき,す,す,契りきな,かたみに袖を,しぼりつつ,末の松山,波こさじとは,ちぎりきな,かたみにそでを,しぼりつつ,すゑのまつやま,なみこさじとは,ちぎりきな,かたみにそでを,しぼりつつ,すえのまつやま,なみこさじとわ,契りきなーかたみに袖をｰしぼりーつつー,末のｰ松山ー波こさじーとは,ちぎりきなーかたみにそでをｰしぼりーつつー,すえのｰまつやまーなみこさじーとわ,すゑのまつ,やまなみこ,さしとは
17,緑,5,在原業平朝臣,ありわらのなりひらあそん,ちは,ちは,から,から,千早振る,神代も聞かず,龍田川,からくれなゐに,水くくるとは,ちはやぶる,かみよもきかず,たつたがは,からくれなゐに,みづくくるとは,ちはやぶる,かみよもきかず,たつたがわ,からくれないに,みずくくるとわ,ちはやぶるー神代もきかずｰ竜田ー川ー,からｰくれなゐにー水くくるーとは,ちはやぶるーかみよもきかずｰたつたーがわー,からｰくれないにーみずくくるーとわ,からくれな,ゐにみつく,くるとは
23,緑,7,大江千里,おおえのちさと,つき,つき,わがみひ,わかみひ,月見れば,千々に物こそ,悲しけれ,わが身一つの,秋にはあらねど,つきみれば,ちぢにものこそ,かなしけれ,わがみひとつの,あきにはあらねど,つきみれば,ちじにものこそ,かなしけれ,わがみひとつの,あきにわあらねど,月見ればーちぢに物こそｰ悲しけーれー,わが身ｰひとつのー秋にはあらーねど,つきみればーちじにものこそｰかなしけーれー,わがみｰひとつのーあきにわあらーねど,わかみひと,つのあきに,はあらねと
13,桃,18,陽成院,ようぜいいん,つく,つく,こひぞ,こひそ,筑波嶺の,峰より落つる,みなの川,恋ぞつもりて,淵となりぬる,つくばねの,みねよりおつる,みなのがは,こひぞつもりて,ふちとなりぬる,つくばねの,みねよりおつる,みなのがわ,こいぞつもりて,ふちとなりぬる,つくばねのー峰よりおつるｰみなのー川ー,こひぞｰつもりてー淵となりーぬる,つくばねのーみねよりおつるｰみなのーがわー,こいぞｰつもりてーふちとなりーぬる,こひそつも,りてふちと,なりぬる
80,桃,6,待賢門院堀河,たいけんもんいんのほりかわ,ながか,ながか,みだれて,みたれて,長からむ,心も知らず,黒髪の,乱れて今朝は,ものをこそ思へ,ながからむ,こころもしらず,くろかみの,みだれてけさは,ものをこそおもへ,ながからん,こころもしらず,くろかみの,みだれてけさわ,ものをこそおもえ,長からむー心もしらずｰ黒髪ーのー,みだれてｰ今朝はー物をこそー思へ,ながからんーこころもしらずｰくろかみーのー,みだれてｰけさわーものをこそーおもえ,みたれてけ,さはものを,こそおもへ
84,桃,20,藤原清輔朝臣,ふじわらのきよすけあそん,ながら,ながら,うし,うし,長らへば,またこの頃や,忍ばれむ,憂しと見し世ぞ,今は恋しき,ながらへば,またこのごろや,しのばれむ,うしとみしよぞ,いまはこひしき,ながらえば,またこのごろや,しのばれん,うしとみしよぞ,いまわこいしき,ながらへばーまたこのごろやｰしのばれーむー,憂しとｰ見し世ぞー今は恋ーしき,ながらえばーまたこのごろやｰしのばれーんー,うしとｰみしよぞーいまわこいーしき,うしとみし,よそいまは,こひしき
53,橙,10,右大将道綱母,うだいしょうみちつなのはは,なげき,なげき,いか,いか,嘆きつつ,独り寝る夜の,明くる間は,いかに久しき,ものとかは知る,なげきつつ,ひとりぬるよの,あくるまは,いかにひさしき,ものとかはしる,なげきつつ,ひとりぬるよの,あくるまわ,いかにひさしき,ものとかわしる,嘆きつつーひとりぬる夜のｰ明くるまーはー,いかにｰ久しきーものとかはーしる,なげきつつーひとりぬるよのｰあくるまーわー,いかにｰひさしきーものとかわーしる,いかにひさ,しきものと,かはしる
86,桃,1,西行法師,さいぎょうほうし,なげけ,なげけ,かこ,かこ,嘆けとて,月やはものを,思はする,かこち顔なる,わが涙かな,なげけとて,つきやはものを,おもはする,かこちがほなる,わがなみだかな,なげけとて,つきやわものを,おもわする,かこちがおなる,わがなみだかな,嘆けとてー月やは物をｰ思はーするー,かこち顔ｰなるーわが涙ーかな,なげけとてーつきやわものをｰおもわーするー,かこちがおｰなるーわがなみだーかな,かこちかほ,なるわかな,みたかな
36,緑,11,清原深養父,きよはらのふかやぶ,なつ,なつ,くもの,くもの,夏の夜は,まだ宵ながら,明けぬるを,雲のいづこに,月やどるらむ,なつのよは,まだよひながら,あけぬるを,くものいづこに,つきやどるらむ,なつのよわ,まだよいながら,あけぬるを,くものいずこに,つきやどるらん,夏の夜はーまだ宵ながらｰ明けぬるーをー,雲のｰいづこにー月宿るーらむ,なつのよわーまだよいながらｰあけぬるーをー,くものｰいずこにーつきやどるーらん,くものいつ,こにつきや,とるらむ
25,橙,11,三条右大臣,さんじょうのうだいじん,なにし,なにし,ひとにし,ひとにし,名にしおはば,逢ふ坂山の,さねかづら,人に知られで,くるよしもがな,なにしおはば,あふさかやまの,さねかづら,ひとにしられで,くるよしもがな,なにしおわば,おうさかやまの,さねかずら,ひとにしられで,くるよしもがな,なにしおはばー逢坂山のｰさねかづーらー,人にｰ知られでーくるよしーもがな,なにしおわばーおうさかやまのｰさねかずーらー,ひとにｰしられでーくるよしーもがな,ひとにしら,れてくるよ,しもかな
88,橙,12,皇嘉門院別当,こうかもんいんのべっとう,なにはえ,なにわえ,みをつくしてや,みをつくしてや,難波江の,蘆のかり寝の,ひと夜ゆゑ,身を尽くしてや,恋ひわたるべき,なにはえの,あしのかりねの,ひとよゆゑ,みをつくしてや,こひわたるべき,なにわえの,あしのかりねの,ひとよゆえ,みをつくしてや,こいわたるべき,難波江のー芦のかりねのｰひとよーゆゑー,みをｰつくしてやー恋ひわたるーべき,なにわえのーあしのかりねのｰひとよーゆえー,みをｰつくしてやーこいわたるーべき,みをつくし,てやこひわ,たるへき
19,橙,13,伊勢,いせ,なにはが,なにわが,あはで,あはて,難波がた,短き蘆の,ふしの間も,逢はでこの世を,すぐしてよとや,なにはがた,みじかきあしの,ふしのまも,あはでこのよを,すぐしてよとや,なにわがた,みじかきあしの,ふしのまも,あわでこのよを,すぐしてよとや,難波潟ー短き芦のｰふしの間ーもー,逢はでｰこの世をー過ぐしてよーとや,なにわがたーみじかきあしのｰふしのまーもー,あわでｰこのよをーすぐしてよーとや,あはてこの,よをすくし,てよとや
96,黄,18,入道前太政大臣,にゅうどうさきのだいじょうだいじん,はなさ,はなさ,ふり,ふり,花さそふ,嵐の庭の,雪ならで,ふりゆくものは,わが身なりけり,はなさそふ,あらしのにはの,ゆきならで,ふりゆくものは,わがみなりけり,はなさそう,あらしのにわの,ゆきならで,ふりゆくものわ,わがみなりけり,花さそふー嵐の庭のｰ雪ならーでー,ふりゆくｰものはーわが身なりーけり,はなさそうーあらしのにわのｰゆきならーでー,ふりゆくｰものわーわがみなりーけり,ふりゆくも,のはわかみ,なりけり
9,緑,2,小野小町,おののこまち,はなの,はなの,わがみよ,わかみよ,花の色は,移りにけりな,いたづらに,わが身世に経る,ながめせし間に,はなのいろは,うつりにけりな,いたづらに,わがみよにふる,ながめせしまに,はなのいろわ,うつりにけりな,いたずらに,わがみよにふる,ながめせしまに,花の色はーうつりにけりなｰいたづらーにー,わが身ｰよにふるーながめせしーまに,はなのいろわーうつりにけりなｰいたずらーにー,わがみｰよにふるーながめせしーまに,わかみよに,ふるなかめ,せしまに
2,黄,1,持統天皇,じとうてんのう,はるす,はるす,ころもほ,ころもほ,春過ぎて,夏来にけらし,白妙の,衣干すてふ,天の香具山,はるすぎて,なつきにけらし,しろたへの,ころもほすてふ,あまのかぐやま,はるすぎて,なつきにけらし,しろたえの,ころもほすちょう,あまのかぐやま,春過ぎてー夏来にけらしｰ白妙ーのー,衣ｰほすてふー天の香具ー山,はるすぎてーなつきにけらしｰしろたえーのー,ころもｰほすちょうーあまのかぐーやま,ころもほす,てふあまの,かくやま
67,橙,14,周防内侍,すおうのないし,はるの,はるの,かひ,かひ,春の夜の,夢ばかりなる,手枕に,かひなく立たむ,名こそ惜しけれ,はるのよの,ゆめばかりなる,たまくらに,かひなくたたむ,なこそをしけれ,はるのよの,ゆめばかりなる,たまくらに,かいなくたたん,なこそおしけれ,春の夜のーゆめばかりなるｰ手枕ーにー,かひなくｰたたむー名こそをしーけれ,はるのよのーゆめばかりなるｰたまくらーにー,かいなくｰたたんーなこそおしーけれ,かひなくた,たむなこそ,をしけれ
33,黄,6,紀友則,きのとものり,ひさ,ひさ,しづ,しつ,久方の,光のどけき,春の日に,しづ心なく,花の散るらむ,ひさかたの,ひかりのどけき,はるのひに,しづごころなく,はなのちるらむ,ひさかたの,ひかりのどけき,はるのひに,しずごころなく,はなのちるらん,ひさかたのー光のどけきｰ春の日ーにー,しづ心ｰなくー花の散るーらむ,ひさかたのーひかりのどけきｰはるのひーにー,しずごころｰなくーはなのちるーらん,しつこころ,なくはなの,ちるらむ
99,橙,15,後鳥羽院,ごとばいん,ひとも,ひとも,よをお,よをお,人も惜し,人も恨めし,味気なく,世を思ふ故に,物思ふ身は,ひともをし,ひともうらめし,あぢきなく,よをおもふゆゑに,ものおもふみは,ひともおし,ひともうらめし,あじきなく,よをおもうゆえに,ものおもうみわ,人もをしー人もうらめしｰあぢきなーくー,世をｰ思ふゆゑにー物思ふー身は,ひともおしーひともうらめしｰあじきなーくー,よをｰおもうゆえにーものおもうーみわ,よをおもふ,ゆゑにもの,おもふみは
35,緑,10,紀貫之,きのつらゆき,ひとは,ひとわ,はなぞ,はなそ,人はいさ,心も知らず,ふるさとは,花ぞ昔の,香に匂ひける,ひとはいさ,こころもしらず,ふるさとは,はなぞむかしの,かににほひける,ひとわいさ,こころもしらず,ふるさとわ,はなぞむかしの,かににおいける,人はいさー心もしらずｰふるさとーはー,花ぞｰ昔のー香ににほひーける,ひとわいさーこころもしらずｰふるさとーわー,はなぞｰむかしのーかににおいーける,はなそむか,しのかにに,ほひける
22,桃,14,文屋康秀,ふんやのやすひで,ふ,ふ,むべ,むへ,吹くからに,秋の草木の,しをるれば,むべ山風を,嵐といふらむ,ふくからに,あきのくさきの,しをるれば,むべやまかぜを,あらしといふらむ,ふくからに,あきのくさきの,しおるれば,むべやまかぜを,あらしとゆうらん,吹くからにー秋の草木のｰしをるれーばー,むべｰ山風をー嵐といふーらむ,ふくからにーあきのくさきのｰしおるれーばー,むべｰやまかぜをーあらしとゆうーらん,むへやまか,せをあらし,といふらむ
81,黄,15,後徳大寺左大臣,ごとくだいじのさだいじん,ほ,ほ,ただ,ただ,ほととぎす,鳴きつる方を,ながむれば,ただ有明の,月ぞ残れる,ほととぎす,なきつるかたを,ながむれば,ただありあけの,つきぞのこれる,ほととぎす,なきつるかたを,ながむれば,ただありあけの,つきぞのこれる,ほととぎすー鳴きつる方をｰながむれーばー,ただｰありあけのー月ぞ残ーれる,ほととぎすーなきつるかたをｰながむれーばー,ただｰありあけのーつきぞのこーれる,たたありあ,けのつきそ,のこれる
49,橙,16,大中臣能宣朝臣,おおなかとみのよしのぶあそん,みかき,みかき,ひる,ひる,御垣守,衛士のたく火の,夜は燃え,昼は消えつつ,物をこそ思へ,みかきもり,ゑじのたくひの,よるはもえ,ひるはきえつつ,ものをこそおもへ,みかきもり,えじのたくひの,よるわもえ,ひるわきえつつ,ものをこそおもえ,みかきもりー衛士のたく火のｰ夜はーもえー,昼はｰ消えつつー物をこそー思へ,みかきもりーえじのたくひのｰよるわーもえー,ひるわｰきえつつーものをこそーおもえ,ひるはきえ,つつものを,こそおもへ
27,橙,17,中納言兼輔,ちゅうなごんかねすけ,みかの,みかの,いつみ,いつみ,みかの原,わきて流るる,泉川,いつ見きとてか,恋しかるらむ,みかのはら,わきてながるる,いづみがは,いつみきとてか,こひしかるらむ,みかのはら,わきてながるる,いずみがわ,いつみきとてか,こいしかるらん,みかの原ーわきて流るるｰいづみー川ー,いつ見きｰとてかー恋しかるーらむ,みかのはらーわきてながるるｰいずみーがわー,いつみきｰとてかーこいしかるーらん,いつみきと,てかこひし,かるらむ
90,橙,18,殷富門院大輔,いんぷもんいんのたいふ,みせ,みせ,ぬ,ぬ,見せばやな,雄島のあまの,袖だにも,ぬれにぞぬれし,色は変はらず,みせばやな,をじまのあまの,そでだにも,ぬれにぞぬれし,いろはかはらず,みせばやな,おじまのあまの,そでだにも,ぬれにぞぬれし,いろわかわらず,見せばやなー雄島のあまのｰ袖だにーもー,ぬれにぞｰぬれしー色はかはーらず,みせばやなーおじまのあまのｰそでだにーもー,ぬれにぞｰぬれしーいろわかわーらず,ぬれにそぬ,れしいろは,かはらす
14,青,13,河原左大臣,かわらのさだいじん,みち,みち,みだれそ,みたれそ,陸奥の,しのぶもぢずり,誰ゆゑに,乱れそめにし,我ならなくに,みちのくの,しのぶもぢずり,たれゆゑに,みだれそめにし,われならなくに,みちのくの,しのぶもじずり,たれゆえに,みだれそめにし,われならなくに,みちのくのーしのぶもぢずりｰ誰ゆゑーにー,乱れそめｰにしーわれならーなくに,みちのくのーしのぶもじずりｰたれゆえーにー,みだれそめｰにしーわれならーなくに,みたれそめ,にしわれな,らなくに
94,黄,17,参議雅経,さんぎまさつね,みよ,みよ,ふる,ふる,み吉野の,山の秋風,さ夜更けて,ふるさと寒く,衣うつなり,みよしのの,やまのあきかぜ,さよふけて,ふるさとさむく,ころもうつなり,みよしのの,やまのあきかぜ,さよふけて,ふるさとさむく,ころもうつなり,み吉野のー山の秋風ｰさ夜ふけーてー,ふるさとｰ寒くー衣うつーなり,みよしののーやまのあきかぜｰさよふけーてー,ふるさとｰさむくーころもうつーなり,ふるさとさ,むくころも,うつなり
87,黄,16,寂蓮法師,じゃくれんほうし,む,む,き,き,村雨の,露もまだ干ぬ,まきの葉に,霧立ちのぼる,秋の夕暮れ,むらさめの,つゆもまだひぬ,まきのはに,きりたちのぼる,あきのゆふぐれ,むらさめの,つゆもまだひぬ,まきのはに,きりたちのぼる,あきのゆうぐれ,村雨のー露もまだ干ぬｰまきの葉ーにー,霧ｰたちのぼるー秋の夕ーぐれ,むらさめのーつゆもまだひぬｰまきのはーにー,きりｰたちのぼるーあきのゆうーぐれ,きりたちの,ほるあきの,ゆふくれ
57,青,11,紫式部,むらさきしきぶ,め,め,くもが,くもか,巡り逢ひて,見しやそれとも,わかぬ間に,雲がくれにし,夜半の月かな,めぐりあひて,みしやそれとも,わかぬまに,くもがくれにし,よはのつきかな,めぐりあいて,みしやそれとも,わかぬまに,くもがくれにし,よわのつきかな,めぐりあひてー見しやそれともｰわかぬまーにー,雲がくれｰにしー夜半の月ーかな,めぐりあいてーみしやそれともｰわかぬまーにー,くもがくれｰにしーよわのつきーかな,くもかくれ,にしよはの,つきかな
100,青,18,順徳院,じゅんとくいん,もも,もも,なほあ,なほあ,百敷や,古き軒端の,しのぶにも,なほあまりある,昔なりけり,ももしきや,ふるきのきばの,しのぶにも,なほあまりある,むかしなりけり,ももしきや,ふるきのきばの,しのぶにも,なおあまりある,むかしなりけり,ももしきやー古き軒端のｰしのぶにーもー,なほｰあまりあるー昔なりーけり,ももしきやーふるきのきばのｰしのぶにーもー,なおｰあまりあるーむかしなりーけり,なほあまり,あるむかし,なりけり
66,桃,3,前大僧正行尊,さきのだいそうじょうぎょうそん,もろ,もろ,はなよ,はなよ,もろともに,あはれと思へ,山桜,花より外に,知る人もなし,もろともに,あはれとおもへ,やまざくら,はなよりほかに,しるひともなし,もろともに,あわれとおもえ,やまざくら,はなよりほかに,しるひともなし,もろともにーあはれと思へｰ山ざくーらー,花よりｰほかにーしる人もーなし,もろともにーあわれとおもえｰやまざくーらー,はなよりｰほかにーしるひともーなし,はなよりほ,かにしるひ,ともなし
47,黄,10,恵慶法師,えぎょうほうし,やへ,やえ,ひとこそみ,ひとこそみ,八重むぐら,しげれる宿の,寂しきに,人こそ見えね,秋は来にけり,やへむぐら,しげれるやどの,さびしきに,ひとこそみえね,あきはきにけり,やえむぐら,しげれるやどの,さびしきに,ひとこそみえね,あきわきにけり,八重葎ーしげれる宿のｰさびしきーにー,人こそｰ見えねー秋は来にーけり,やえむぐらーしげれるやどのｰさびしきーにー,ひとこそｰみえねーあきわきにーけり,ひとこそみ,えねあきは,きにけり
59,緑,16,赤染衛門,あかぞめえもん,やす,やす,かた,かた,安らはで,寝なましものを,さ夜更けて,かたぶくまでの,月を見しかな,やすらはで,ねなましものを,さよふけて,かたぶくまでの,つきをみしかな,やすらわで,ねなましものを,さよふけて,かたぶくまでの,つきをみしかな,やすらはでー寝なましものをｰさ夜ふけーてー,かたぶくｰまでのー月をみしーかな,やすらわでーねなましものをｰさよふけーてー,かたぶくｰまでのーつきをみしーかな,かたふくま,てのつきを,みしかな
32,黄,5,春道列樹,はるみちのつらき,やまが,やまが,ながれ,なかれ,山川に,風のかけたる,しがらみは,流れもあへぬ,紅葉なりけり,やまがはに,かぜのかけたる,しがらみは,ながれもあへぬ,もみぢなりけり,やまがわに,かぜのかけたる,しがらみわ,ながれもあえぬ,もみじなりけり,山川にー風のかけたるｰしがらみーはー,流れもｰあへぬーもみぢなりーけり,やまがわにーかぜのかけたるｰしがらみーわー,ながれもｰあえぬーもみじなりーけり,なかれもあ,へぬもみち,なりけり
28,桃,15,源宗于朝臣,みなもとのむねゆきあそん,やまざ,やまざ,ひとめ,ひとめ,山里は,冬ぞ寂しさ,まさりける,人目も草も,枯れぬと思へば,やまざとは,ふゆぞさびしさ,まさりける,ひとめもくさも,かれぬとおもへば,やまざとわ,ふゆぞさびしさ,まさりける,ひとめもくさも,かれぬとおもえば,山里はー冬ぞさびしさｰまさりーけるー,人めもｰ草もーかれぬと思ーへば,やまざとわーふゆぞさびしさｰまさりーけるー,ひとめもｰくさもーかれぬとおもーえば,ひとめもく,さもかれぬ,とおもへは
71,緑,18,大納言経信,だいなごんつねのぶ,ゆふ,ゆう,あし,あし,夕されば,門田の稲葉,おとづれて,蘆のまろやに,秋風ぞふく,ゆふされば,かどたのいなば,おとづれて,あしのまろやに,あきかぜぞふく,ゆうされば,かどたのいなば,おとずれて,あしのまろやに,あきかぜぞふく,夕さればー門田の稲葉ｰおとづれーてー,芦のｰまろやにー秋風ぞー吹く,ゆうさればーかどたのいなばｰおとずれーてー,あしのｰまろやにーあきかぜぞーふく,あしのまろ,やにあきか,せそふく
46,黄,9,曽禰好忠,そねのよしただ,ゆら,ゆら,ゆく,ゆく,由良の門を,渡る舟人,かぢを絶え,行くへも知らぬ,恋の道かな,ゆらのとを,わたるふなびと,かぢをたえ,ゆくへもしらぬ,こひのみちかな,ゆらのとを,わたるふなびと,かじをたえ,ゆくえもしらぬ,こいのみちかな,由良のとをーわたる舟人ｰかぢをーたえー,ゆくへもｰしらぬー恋の道ーかな,ゆらのとをーわたるふなびとｰかじをーたえー,ゆくえもｰしらぬーこいのみちーかな,ゆくへもし,らぬこひの,みちかな
83,桃,19,皇太后宮大夫俊成,こうたいごうぐうのだいぶしゅんぜい,よのなかよ,よのなかよ,やま,やま,世の中よ,道こそなけれ,思ひ入る,山の奥にも,鹿ぞ鳴くなる,よのなかよ,みちこそなけれ,おもひいる,やまのおくにも,しかぞなくなる,よのなかよ,みちこそなけれ,おもいいる,やまのおくにも,しかぞなくなる,世の中よー道こそなけれｰ思ひー入るー,山のｰ奥にもー鹿ぞ鳴くーなる,よのなかよーみちこそなけれｰおもいーいるー,やまのｰおくにもーしかぞなくーなる,やまのおく,にもしかそ,なくなる
93,緑,20,鎌倉右大臣,かまくらのうだいじん,よのなかは,よのなかわ,あまの,あまの,世の中は,常にもがもな,渚漕ぐ,あまの小舟の,綱手悲しも,よのなかは,つねにもがもな,なぎさこぐ,あまのをぶねの,つなでかなしも,よのなかわ,つねにもがもな,なぎさこぐ,あまのおぶねの,つなでかなしも,世の中はーつねにもがもなｰなぎさー漕ぐー,あまのｰ小舟のー綱手かなーしも,よのなかわーつねにもがもなｰなぎさーこぐー,あまのｰおぶねのーつなでかなーしも,あまのをふ,ねのつなて,かなしも
85,黄,19,俊恵法師,しゅんえほうし,よも,よも,ね,ね,夜もすがら,物思ふころは,明けやらで,ねやの隙さへ,つれなかりけり,よもすがら,ものおもふころは,あけやらで,ねやのひまさへ,つれなかりけり,よもすがら,ものおもうころわ,あけやらで,ねやのひまさえ,つれなかりけり,夜もすがらー物思ふころはｰ明けやらーでー,閨のｰひまさへーつれなかりーけり,よもすがらーものおもうころわｰあけやらーでー,ねやのｰひまさえーつれなかりーけり,ねやのひま,さへつれな,かりけり
62,青,17,清少納言,せいしょうなごん,よを,よを,よに,よに,夜をこめて,鳥の空音は,はかるとも,世に逢坂の,関は許さじ,よをこめて,とりのそらねは,はかるとも,よにあふさかの,せきはゆるさじ,よをこめて,とりのそらねわ,はかるとも,よにおうさかの,せきわゆるさじ,夜をこめてー鳥のそらねはｰはかるーともー,よにｰ逢坂のー関はゆるーさじ,よをこめてーとりのそらねわｰはかるーともー,よにｰおうさかのーせきわゆるーさじ,よにあふさ,かのせきは,ゆるさし
8,緑,1,喜撰法師,きせんほうし,わがい,わがい,よをう,よをう,わが庵は,都のたつみ,鹿ぞ住む,世をうぢ山と,人はいふなり,わがいほは,みやこのたつみ,しかぞすむ,よをうぢやまと,ひとはいふなり,わがいおわ,みやこのたつみ,しかぞすむ,よをうじやまと,ひとわゆうなり,わが庵はー都のたつみｰしかぞーすむー,世をｰうぢ山とー人はいふーなり,わがいおわーみやこのたつみｰしかぞーすむー,よをｰうじやまとーひとわゆうーなり,よをうちや,まとひとは,いふなり
92,緑,19,二条院讃岐,にじょういんのさぬき,わがそ,わがそ,ひとこそし,ひとこそし,わが袖は,潮干に見えぬ,沖の石の,人こそ知らね,かわく間もなし,わがそでは,しほひにみえぬ,おきのいしの,ひとこそしらね,かわくまもなし,わがそでわ,しおひにみえぬ,おきのいしの,ひとこそしらね,かわくまもなし,わが袖はー潮干にみえぬｰ沖の石ーのー,人こそｰしらねーかわくまもーなし,わがそでわーしおひにみえぬｰおきのいしーのー,ひとこそｰしらねーかわくまもーなし,ひとこそし,らねかわく,まもなし
38,緑,12,右近,うこん,わすら,わすら,ひとの,ひとの,忘らるる,身をば思はず,ちかひてし,人の命の,惜しくもあるかな,わすらるる,みをばおもはず,ちかひてし,ひとのいのちの,をしくもあるかな,わすらるる,みをばおもわず,ちかいてし,ひとのいのちの,おしくもあるかな,忘らるるー身をば思はずｰちかひてーしー,人のｰ命のー惜しくもあるーかな,わすらるるーみをばおもわずｰちかいてーしー,ひとのｰいのちのーおしくもあるーかな,ひとのいの,ちのをしく,もあるかな
54,緑,15,儀同三司母,ぎどうさんしのはは,わすれ,わすれ,けふを,けふを,忘れじの,行く末までは,かたければ,今日をかぎりの,命ともがな,わすれじの,ゆくすゑまでは,かたければ,けふをかぎりの,いのちともがな,わすれじの,ゆくすえまでわ,かたければ,きょうをかぎりの,いのちともがな,忘れじのーゆくすゑまではｰかたけれーばー,けふをｰかぎりのーいのちとーもがな,わすれじのーゆくすえまでわｰかたけれーばー,きょうをｰかぎりのーいのちとーもがな,けふをかき,りのいのち,ともかな
76,青,12,法性寺入道前関白太政大臣,ほっしょうじにゅうどうさきのかんぱくだいじょうだいじん,わたのはらこ,わたのはらこ,くもゐ,くもゐ,わたの原,漕ぎ出でて見れば,久方の,雲居にまがふ,沖つ白波,わたのはら,こぎいでてみれば,ひさかたの,くもゐにまがふ,おきつしらなみ,わたのはら,こぎいでてみれば,ひさかたの,くもいにまごう,おきつしらなみ,わたの原漕ぎ出でて見ればー久方ーのー,雲ゐにｰまがふー沖つ白ー波,わたのはらこぎいでてみればーひさかたーのー,くもいにｰまごうーおきつしらーなみ,くもゐにま,かふおきつ,しらなみ
11,緑,3,参議篁,さんぎたかむら,わたのはらや,わたのはらや,ひとには,ひとには,わたの原,八十島かけて,漕ぎ出でぬと,人には告げよ,あまの釣舟,わたのはら,やそしまかけて,こぎいでぬと,ひとにはつげよ,あまのつりぶね,わたのはら,やそしまかけて,こぎいでぬと,ひとにわつげよ,あまのつりぶね,わたの原八十島かけてー漕ぎ出でぬーとー,人にはｰ告げよーあまのつりー舟,わたのはらやそしまかけてーこぎいでぬーとー,ひとにわｰつげよーあまのつりーぶね,ひとにはつ,けよあまの,つりふね
20,緑,6,元良親王,もとよししんのう,わび,わび,みをつくしても,みをつくしても,侘びぬれば,今はた同じ,難波なる,身をつくしても,逢はむとぞ思ふ,わびぬれば,いまはたおなじ,なにはなる,みをつくしても,あはむとぞおもふ,わびぬれば,いまはたおなじ,なにわなる,みをつくしても,あわんとぞおもう,わびぬればーいまはたおなじｰ難波ーなるー,みをｰつくしてもーあはむとぞー思ふ,わびぬればーいまはたおなじｰなにわーなるー,みをｰつくしてもーあわんとぞーおもう,みをつくし,てもあはむ,とそおもふ
